created_at,entry_id,field1,latitude,longitude,elevation,status
2023-10-30T18:46:26+05:30,1,0.18084,,,,
2023-10-30T18:46:42+05:30,2,0.21505,,,,
2023-10-30T18:46:57+05:30,3,0.21505,,,,
2023-10-30T18:47:12+05:30,4,0.21505,,,,
2023-10-30T18:47:30+05:30,5,0.21505,,,,
2023-10-30T18:47:48+05:30,6,0.21505,,,,
2023-10-30T18:48:05+05:30,7,0.18084,,,,
2023-10-30T18:48:20+05:30,8,0.47410,,,,
2023-10-30T18:48:36+05:30,9,0.30303,,,,
2023-10-30T18:48:51+05:30,10,0.32747,,,,
2023-10-30T18:49:07+05:30,11,0.31769,,,,
2023-10-30T18:49:22+05:30,12,0.31769,,,,
2023-10-30T18:49:40+05:30,13,0.31281,,,,
2023-10-30T18:50:05+05:30,14,0.26393,,,,
2023-10-30T18:50:35+05:30,15,0.25904,,,,
2023-10-30T18:50:52+05:30,16,0.28348,,,,
2023-10-30T18:51:09+05:30,17,0.31281,,,,
2023-10-30T18:51:27+05:30,18,0.31281,,,,
2023-10-30T18:51:45+05:30,19,0.31281,,,,
2023-10-30T18:52:02+05:30,20,0.27370,,,,
2023-10-30T18:52:20+05:30,21,0.31769,,,,
2023-10-30T18:52:36+05:30,22,0.32747,,,,
2023-10-30T18:52:51+05:30,23,0.31281,,,,
2023-10-30T18:53:07+05:30,24,0.31281,,,,
2023-10-30T18:53:22+05:30,25,0.31281,,,,
2023-10-30T18:53:37+05:30,26,0.31281,,,,
2023-10-30T18:53:55+05:30,27,0.33236,,,,
2023-10-30T18:54:12+05:30,28,0.78201,,,,
2023-10-30T18:54:29+05:30,29,0.80645,,,,
2023-10-30T18:54:47+05:30,30,0.63539,,,,
2023-10-30T18:55:05+05:30,31,0.60117,,,,
2023-10-30T18:55:22+05:30,32,0.43011,,,,
2023-10-30T18:55:38+05:30,33,0.42033,,,,
2023-10-30T18:55:56+05:30,34,0.34213,,,,
2023-10-30T18:56:13+05:30,35,0.38123,,,,
2023-10-30T18:56:31+05:30,36,0.36657,,,,
2023-10-30T18:56:49+05:30,37,0.37146,,,,
2023-10-30T18:57:05+05:30,38,0.35679,,,,
2023-10-30T18:57:21+05:30,39,0.34213,,,,
2023-10-30T18:57:38+05:30,40,0.33236,,,,
2023-10-30T18:57:54+05:30,41,0.35191,,,,
2023-10-30T18:58:09+05:30,42,0.33236,,,,
2023-10-30T18:58:25+05:30,43,0.29814,,,,
2023-10-30T18:58:40+05:30,44,0.29326,,,,
2023-10-30T18:58:55+05:30,45,0.32747,,,,
2023-10-30T18:59:13+05:30,46,0.31769,,,,
2023-10-30T18:59:29+05:30,47,0.32747,,,,
2023-10-30T18:59:45+05:30,48,0.31769,,,,
2023-10-30T19:00:01+05:30,49,0.31769,,,,
2023-10-30T19:00:16+05:30,50,0.29814,,,,
2023-10-30T19:00:32+05:30,51,0.33724,,,,
2023-10-30T19:00:47+05:30,52,0.28348,,,,
2023-10-30T19:01:05+05:30,53,0.27859,,,,
2023-10-30T19:01:21+05:30,54,0.23949,,,,
2023-10-30T19:01:39+05:30,55,0.27859,,,,
2023-10-30T19:01:56+05:30,56,0.27370,,,,
2023-10-30T19:02:14+05:30,57,0.27370,,,,
2023-10-30T19:02:32+05:30,58,0.27370,,,,
2023-10-30T19:02:49+05:30,59,0.27370,,,,
2023-10-30T19:03:07+05:30,60,0.27370,,,,
2023-10-30T19:03:22+05:30,61,0.27370,,,,
2023-10-30T19:03:40+05:30,62,0.27370,,,,
2023-10-30T19:03:56+05:30,63,0.26882,,,,
2023-10-30T19:04:12+05:30,64,0.23460,,,,
2023-10-30T19:04:27+05:30,65,0.27370,,,,
2023-10-30T19:04:43+05:30,66,0.27370,,,,
2023-10-30T19:04:58+05:30,67,0.27370,,,,
2023-10-30T19:05:14+05:30,68,0.27370,,,,
2023-10-30T19:05:29+05:30,69,0.27859,,,,
2023-10-30T19:05:45+05:30,70,0.27370,,,,
2023-10-30T19:06:01+05:30,71,0.27370,,,,
2023-10-30T19:06:16+05:30,72,0.27370,,,,
2023-10-30T19:06:32+05:30,73,0.26882,,,,
2023-10-30T21:09:54+05:30,74,0.36657,,,,
2023-10-30T21:10:12+05:30,75,0.38123,,,,
2023-10-30T21:10:27+05:30,76,0.36657,,,,
2023-10-30T21:10:43+05:30,77,0.32747,,,,
2023-10-30T21:10:58+05:30,78,0.79668,,,,
2023-10-30T21:11:15+05:30,79,0.59629,,,,
2023-10-30T21:11:31+05:30,80,0.53763,,,,
2023-10-30T21:11:49+05:30,81,0.45943,,,,
2023-10-30T21:12:05+05:30,82,0.41544,,,,
2023-10-30T21:12:20+05:30,83,0.37634,,,,
2023-10-30T21:12:38+05:30,84,0.36168,,,,
2023-10-30T21:12:54+05:30,85,0.33724,,,,
2023-10-30T21:13:09+05:30,86,0.33236,,,,
2023-10-30T21:13:25+05:30,87,0.34213,,,,
2023-10-30T21:13:41+05:30,88,0.33236,,,,
2023-10-30T21:13:56+05:30,89,0.33236,,,,
2023-10-30T21:14:12+05:30,90,0.32747,,,,
2023-10-30T21:14:28+05:30,91,0.28348,,,,
2023-10-30T21:14:43+05:30,92,0.32747,,,,
2023-10-30T21:14:59+05:30,93,0.31769,,,,
2023-10-30T21:15:14+05:30,94,0.27370,,,,
2023-10-30T21:15:30+05:30,95,0.31281,,,,
2023-10-30T21:15:45+05:30,96,0.31281,,,,
2023-10-30T21:16:01+05:30,97,0.31281,,,,
2023-10-30T21:16:17+05:30,98,0.31281,,,,
2023-10-30T21:16:35+05:30,99,0.27859,,,,
2023-10-30T21:16:52+05:30,100,0.26882,,,,
2023-10-30T21:17:07+05:30,101,0.25415,,,,
2023-10-30T21:17:23+05:30,102,0.21994,,,,
2023-10-30T21:17:41+05:30,103,0.24927,,,,
2023-10-30T21:17:56+05:30,104,0.24438,,,,
2023-10-30T21:18:11+05:30,105,0.24438,,,,
2023-10-30T21:18:27+05:30,106,0.21017,,,,
2023-10-30T21:18:43+05:30,107,0.21017,,,,
2023-10-30T21:19:00+05:30,108,0.24438,,,,
2023-10-30T21:19:15+05:30,109,0.24438,,,,
2023-10-30T21:19:33+05:30,110,0.24438,,,,
2023-10-30T21:19:51+05:30,111,0.24438,,,,
2023-10-30T21:20:06+05:30,112,0.24438,,,,
2023-10-30T21:20:24+05:30,113,0.20528,,,,
2023-10-30T21:20:41+05:30,114,0.23949,,,,
2023-10-30T21:20:58+05:30,115,0.23949,,,,
2023-10-30T21:21:14+05:30,116,0.23949,,,,
2023-10-30T21:21:31+05:30,117,0.20528,,,,
2023-10-30T21:21:47+05:30,118,0.23949,,,,
2023-10-30T21:22:04+05:30,119,0.23949,,,,
2023-10-30T21:22:19+05:30,120,0.23949,,,,
2023-10-30T21:22:37+05:30,121,0.23949,,,,
2023-10-30T21:22:55+05:30,122,0.23949,,,,
2023-10-30T21:23:10+05:30,123,0.23460,,,,
2023-10-30T21:23:27+05:30,124,0.23460,,,,
2023-10-30T21:23:45+05:30,125,0.23460,,,,
2023-10-30T21:24:02+05:30,126,0.23460,,,,
2023-10-30T21:24:20+05:30,127,0.20039,,,,
2023-10-30T21:24:36+05:30,128,0.23949,,,,
2023-10-30T21:24:54+05:30,129,0.23949,,,,
2023-10-30T21:25:10+05:30,130,0.23460,,,,
2023-10-30T21:25:25+05:30,131,0.23460,,,,
2023-10-30T21:25:40+05:30,132,0.23949,,,,
2023-10-30T21:25:56+05:30,133,0.23949,,,,
2023-10-30T21:26:12+05:30,134,0.23460,,,,
2023-10-30T21:26:27+05:30,135,0.23949,,,,
2023-10-30T21:26:42+05:30,136,0.23949,,,,
2023-10-30T21:27:00+05:30,137,0.23949,,,,
2023-10-30T21:27:17+05:30,138,0.23460,,,,
2023-10-30T21:27:33+05:30,139,0.23460,,,,
2023-10-30T21:27:48+05:30,140,0.23460,,,,
2023-10-30T21:28:05+05:30,141,0.23460,,,,
2023-10-30T21:28:20+05:30,142,0.23460,,,,
2023-10-30T21:28:37+05:30,143,0.23460,,,,
2023-10-30T21:28:52+05:30,144,0.20039,,,,
2023-10-30T21:29:08+05:30,145,0.23460,,,,
2023-10-30T21:29:24+05:30,146,0.23460,,,,
2023-10-30T21:29:39+05:30,147,0.20039,,,,
2023-10-30T21:29:55+05:30,148,0.23460,,,,
2023-10-30T21:30:11+05:30,149,0.20039,,,,
2023-10-30T21:30:27+05:30,150,0.23460,,,,
2023-10-30T21:30:45+05:30,151,0.23460,,,,
2023-10-30T21:31:02+05:30,152,0.23460,,,,
2023-10-30T21:31:17+05:30,153,0.25904,,,,
2023-10-30T21:31:40+05:30,154,0.25415,,,,
2023-10-30T21:31:57+05:30,155,0.25415,,,,
2023-10-30T21:32:16+05:30,156,0.25415,,,,
2023-10-30T21:32:32+05:30,157,0.23949,,,,
2023-10-30T21:32:48+05:30,158,0.24438,,,,
2023-10-30T21:33:04+05:30,159,0.23460,,,,
2023-10-30T21:59:08+05:30,160,0.29814,,,,
2023-10-30T21:59:24+05:30,161,0.37146,,,,
2023-10-30T21:59:39+05:30,162,0.91398,,,,
2023-10-30T21:59:55+05:30,163,0.73314,,,,
2023-10-30T22:00:11+05:30,164,0.53763,,,,
2023-10-30T22:00:26+05:30,165,0.45943,,,,
2023-10-30T22:00:42+05:30,166,0.37634,,,,
2023-10-30T22:00:58+05:30,167,0.41544,,,,
2023-10-30T22:01:13+05:30,168,0.39101,,,,
2023-10-30T22:01:30+05:30,169,0.38123,,,,
2023-10-30T22:01:46+05:30,170,0.33724,,,,
2023-10-30T22:02:01+05:30,171,0.37146,,,,
2023-10-30T22:02:17+05:30,172,0.36657,,,,
2023-10-30T22:02:33+05:30,173,0.36168,,,,
2023-10-30T22:02:48+05:30,174,0.36168,,,,
2023-10-30T22:03:03+05:30,175,0.35191,,,,
2023-10-30T22:03:19+05:30,176,0.34213,,,,
2023-10-30T22:03:34+05:30,177,0.34213,,,,
2023-10-30T22:03:50+05:30,178,0.30303,,,,
2023-10-30T22:04:06+05:30,179,0.34213,,,,
2023-10-30T22:04:22+05:30,180,0.33724,,,,
2023-10-30T22:04:39+05:30,181,0.33724,,,,
2023-10-30T22:04:55+05:30,182,0.82111,,,,
2023-10-30T22:05:11+05:30,183,0.50831,,,,
2023-10-30T22:05:27+05:30,184,0.47898,,,,
2023-10-30T22:05:44+05:30,185,0.43500,,,,
2023-10-30T22:06:00+05:30,186,0.41544,,,,
2023-10-30T22:06:17+05:30,187,0.34213,,,,
2023-10-30T22:06:33+05:30,188,0.32747,,,,
2023-10-30T22:06:49+05:30,189,0.56207,,,,
2023-10-30T22:07:05+05:30,190,0.47898,,,,
2023-10-30T22:07:21+05:30,191,0.51808,,,,
2023-10-30T22:07:37+05:30,192,0.52786,,,,
2023-10-30T22:07:52+05:30,193,0.51808,,,,
2023-10-30T22:08:07+05:30,194,0.51320,,,,
2023-10-30T22:08:24+05:30,195,0.50831,,,,
2023-10-30T22:08:39+05:30,196,0.50342,,,,
2023-10-31T10:47:39+05:30,197,0.74780,,,,
2023-10-31T10:47:57+05:30,198,0.71848,,,,
2023-10-31T10:48:13+05:30,199,0.72336,,,,
2023-10-31T10:48:29+05:30,200,0.71848,,,,
2023-10-31T10:48:47+05:30,201,0.70870,,,,
2023-10-31T10:49:04+05:30,202,0.71848,,,,
2023-10-31T10:49:22+05:30,203,0.65494,,,,
2023-10-31T10:49:40+05:30,204,0.68915,,,,
2023-10-31T10:49:55+05:30,205,0.50831,,,,
2023-10-31T10:50:10+05:30,206,0.43011,,,,
2023-10-31T10:50:26+05:30,207,0.43011,,,,
2023-10-31T10:50:41+05:30,208,0.43011,,,,
2023-10-31T10:50:57+05:30,209,0.43011,,,,
2023-10-31T10:51:13+05:30,210,0.42522,,,,
2023-10-31T10:51:29+05:30,211,0.42033,,,,
2023-10-31T10:51:45+05:30,212,0.41544,,,,
2023-10-31T10:52:01+05:30,213,0.41056,,,,
2023-10-31T10:52:16+05:30,214,0.40078,,,,
2023-10-31T10:52:33+05:30,215,0.37146,,,,
2023-10-31T10:52:49+05:30,216,0.39101,,,,
2023-10-31T10:53:04+05:30,217,0.39101,,,,
2023-10-31T10:53:19+05:30,218,0.39101,,,,
2023-10-31T10:53:35+05:30,219,0.39101,,,,
2023-10-31T10:53:52+05:30,220,0.39101,,,,
2023-10-31T10:54:09+05:30,221,0.39101,,,,
2023-10-31T10:54:24+05:30,222,0.39101,,,,
2023-10-31T10:54:40+05:30,223,0.39101,,,,
2023-10-31T10:54:56+05:30,224,0.35191,,,,
2023-10-31T10:55:13+05:30,225,0.45943,,,,
2023-10-31T10:55:29+05:30,226,0.45455,,,,
2023-10-31T10:55:45+05:30,227,0.45455,,,,
2023-10-31T10:56:02+05:30,228,0.44966,,,,
2023-10-31T10:56:18+05:30,229,0.44966,,,,
2023-10-31T10:56:34+05:30,230,0.44966,,,,
2023-10-31T10:56:49+05:30,231,0.44477,,,,
2023-10-31T10:57:05+05:30,232,0.44477,,,,
2023-10-31T10:57:20+05:30,233,0.43988,,,,
2023-10-31T10:57:35+05:30,234,0.45455,,,,
2023-10-31T10:57:50+05:30,235,0.45455,,,,
2023-10-31T10:58:07+05:30,236,0.45455,,,,
2023-10-31T10:58:23+05:30,237,0.41544,,,,
2023-10-31T10:58:38+05:30,238,0.45455,,,,
2023-10-31T10:58:56+05:30,239,0.44966,,,,
2023-10-31T10:59:11+05:30,240,0.45455,,,,
2023-10-31T10:59:27+05:30,241,0.44477,,,,
2023-10-31T10:59:42+05:30,242,0.44966,,,,
2023-10-31T10:59:58+05:30,243,0.44966,,,,
2023-10-31T11:00:13+05:30,244,0.44966,,,,
2023-10-31T11:00:28+05:30,245,0.44966,,,,
2023-10-31T11:00:44+05:30,246,0.45455,,,,
2023-10-31T11:00:59+05:30,247,0.39101,,,,
2023-10-31T11:01:15+05:30,248,0.38123,,,,
2023-10-31T11:01:30+05:30,249,0.37634,,,,
2023-10-31T11:01:47+05:30,250,0.37634,,,,
2023-10-31T11:02:05+05:30,251,0.37634,,,,
2023-10-31T11:02:20+05:30,252,0.32747,,,,
2023-10-31T11:02:38+05:30,253,0.37634,,,,
2023-10-31T11:02:55+05:30,254,0.37634,,,,
2023-10-31T11:03:12+05:30,255,0.37634,,,,
2023-10-31T11:03:31+05:30,256,0.37146,,,,
2023-10-31T11:03:46+05:30,257,0.33236,,,,
2023-10-31T11:04:02+05:30,258,0.36657,,,,
2023-10-31T11:04:17+05:30,259,0.37146,,,,
2023-10-31T11:04:33+05:30,260,0.49853,,,,
2023-10-31T11:04:50+05:30,261,0.43500,,,,
2023-10-31T11:05:08+05:30,262,0.43500,,,,
2023-10-31T11:05:23+05:30,263,0.43500,,,,
2023-10-31T11:05:39+05:30,264,0.43011,,,,
2023-10-31T11:05:54+05:30,265,0.43011,,,,
2023-10-31T11:06:10+05:30,266,0.43011,,,,
2023-10-31T11:06:25+05:30,267,0.43011,,,,
2023-10-31T11:06:41+05:30,268,0.43011,,,,
2023-10-31T11:06:57+05:30,269,0.43011,,,,
2023-10-31T11:07:12+05:30,270,0.43011,,,,
2023-10-31T11:07:28+05:30,271,0.43988,,,,
2023-10-31T11:07:44+05:30,272,0.42522,,,,
2023-10-31T11:08:00+05:30,273,0.42522,,,,
2023-10-31T11:08:16+05:30,274,0.42522,,,,
2023-10-31T11:08:32+05:30,275,0.43011,,,,
2023-10-31T11:08:47+05:30,276,0.38123,,,,
2023-10-31T11:09:03+05:30,277,0.37634,,,,
2023-10-31T11:09:18+05:30,278,0.33724,,,,
2023-10-31T11:09:37+05:30,279,0.37146,,,,
2023-10-31T11:09:52+05:30,280,0.32258,,,,
2023-10-31T11:10:08+05:30,281,0.38612,,,,
2023-10-31T11:10:24+05:30,282,0.37146,,,,
2023-10-31T11:10:40+05:30,283,0.37146,,,,
2023-10-31T11:10:58+05:30,284,0.37146,,,,
2023-10-31T11:11:14+05:30,285,0.37146,,,,
2023-10-31T11:11:30+05:30,286,0.37146,,,,
2023-10-31T11:11:47+05:30,287,0.37146,,,,
2023-10-31T11:12:03+05:30,288,0.37146,,,,
2023-10-31T11:12:18+05:30,289,0.37634,,,,
2023-10-31T11:12:33+05:30,290,0.37146,,,,
2023-10-31T11:17:48+05:30,291,0.23949,,,,
2023-10-31T11:18:05+05:30,292,1.19746,,,,
2023-10-31T11:18:22+05:30,293,0.48876,,,,
2023-10-31T11:18:40+05:30,294,0.41544,,,,
2023-10-31T11:18:55+05:30,295,0.37634,,,,
2023-10-31T11:19:13+05:30,296,0.35679,,,,
2023-10-31T11:19:28+05:30,297,0.33724,,,,
2023-10-31T11:40:54+05:30,298,0.71848,,,,
2023-10-31T11:41:09+05:30,299,0.70870,,,,
2023-10-31T11:41:27+05:30,300,0.66960,,,,
2023-10-31T11:41:43+05:30,301,0.66471,,,,
2023-10-31T11:41:58+05:30,302,0.65494,,,,
2023-10-31T11:42:14+05:30,303,0.72336,,,,
2023-10-31T11:42:29+05:30,304,0.61584,,,,
2023-10-31T11:42:44+05:30,305,0.63050,,,,
2023-10-31T11:43:00+05:30,306,1.09971,,,,
2023-10-31T11:43:15+05:30,307,0.85533,,,,
2023-10-31T11:43:33+05:30,308,0.72336,,,,
2023-10-31T11:43:50+05:30,309,0.60117,,,,
2023-10-31T11:44:07+05:30,310,0.65005,,,,
2023-10-31T11:44:22+05:30,311,0.62561,,,,
2023-10-31T11:44:38+05:30,312,0.64516,,,,
2023-10-31T11:44:53+05:30,313,0.55718,,,,
2023-10-31T11:45:09+05:30,314,0.61095,,,,
2023-10-31T11:45:26+05:30,315,0.61095,,,,
2023-10-31T11:45:44+05:30,316,0.57674,,,,
2023-10-31T11:46:02+05:30,317,0.57674,,,,
2023-10-31T11:46:19+05:30,318,0.57185,,,,
2023-10-31T11:46:37+05:30,319,0.53763,,,,
2023-10-31T11:46:54+05:30,320,0.56696,,,,
2023-10-31T11:47:12+05:30,321,0.56696,,,,
2023-11-01T11:49:51+05:30,322,1.82307,,,,
2023-11-01T11:50:07+05:30,323,0.74780,,,,
2023-11-01T11:50:22+05:30,324,0.49853,,,,
2023-11-01T11:50:38+05:30,325,0.39101,,,,
2023-11-01T11:50:54+05:30,326,0.33236,,,,
2023-11-01T11:51:10+05:30,327,0.31281,,,,
2023-11-01T11:51:26+05:30,328,0.27859,,,,
2023-11-01T11:51:42+05:30,329,0.26882,,,,
2023-11-01T11:51:58+05:30,330,0.21505,,,,
2023-11-01T11:52:14+05:30,331,0.24438,,,,
2023-11-01T11:52:30+05:30,332,0.23460,,,,
2023-11-01T11:52:46+05:30,333,0.21994,,,,
2023-11-01T11:53:03+05:30,334,0.21994,,,,
2023-11-01T11:53:19+05:30,335,0.21994,,,,
2023-11-01T11:53:34+05:30,336,0.21017,,,,
2023-11-01T11:53:50+05:30,337,0.20528,,,,
2023-11-01T11:54:06+05:30,338,0.20039,,,,
2023-11-01T11:54:22+05:30,339,0.20039,,,,
2023-11-01T11:54:38+05:30,340,0.20039,,,,
2023-11-01T11:54:54+05:30,341,0.20039,,,,
2023-11-01T11:55:10+05:30,342,0.19062,,,,
2023-11-01T11:55:26+05:30,343,0.15152,,,,
2023-11-01T11:55:41+05:30,344,0.15152,,,,
2023-11-01T11:55:56+05:30,345,0.18573,,,,
2023-11-01T11:56:12+05:30,346,0.18573,,,,
2023-11-01T11:56:28+05:30,347,0.18573,,,,
2023-11-01T11:56:43+05:30,348,0.18084,,,,
2023-11-01T11:56:59+05:30,349,0.14174,,,,
2023-11-01T11:57:15+05:30,350,0.18084,,,,
2023-11-01T11:57:31+05:30,351,0.18084,,,,
2023-11-01T11:57:46+05:30,352,0.17595,,,,
2023-11-01T11:58:02+05:30,353,0.17595,,,,
2023-11-01T11:58:18+05:30,354,0.16618,,,,
2023-11-01T11:58:35+05:30,355,0.13685,,,,
2023-11-01T11:58:50+05:30,356,0.16129,,,,
2023-11-01T11:59:06+05:30,357,0.16129,,,,
2023-11-01T11:59:22+05:30,358,0.16129,,,,
2023-11-01T11:59:37+05:30,359,0.15640,,,,
2023-11-01T11:59:53+05:30,360,0.16129,,,,
2023-11-01T12:00:09+05:30,361,0.15640,,,,
2023-11-01T12:00:26+05:30,362,0.13196,,,,
2023-11-01T12:00:42+05:30,363,0.15640,,,,
2023-11-01T12:00:57+05:30,364,0.15640,,,,
2023-11-01T12:01:13+05:30,365,0.15640,,,,
2023-11-01T12:01:29+05:30,366,0.15640,,,,
2023-11-01T12:01:45+05:30,367,0.15640,,,,
2023-11-01T12:02:01+05:30,368,0.15640,,,,
2023-11-01T12:02:17+05:30,369,0.15152,,,,
2023-11-01T12:02:33+05:30,370,0.15152,,,,
2023-11-01T12:02:49+05:30,371,0.15152,,,,
2023-11-01T12:03:05+05:30,372,0.15152,,,,
2023-11-01T12:03:21+05:30,373,0.15152,,,,
2023-11-01T12:03:39+05:30,374,0.15152,,,,
2023-11-01T12:03:54+05:30,375,0.15152,,,,
2023-11-01T12:04:10+05:30,376,0.15152,,,,
2023-11-01T12:04:26+05:30,377,0.15152,,,,
2023-11-01T12:04:42+05:30,378,0.14663,,,,
2023-11-01T12:04:58+05:30,379,0.14663,,,,
2023-11-01T12:05:14+05:30,380,0.14663,,,,
2023-11-01T12:05:30+05:30,381,0.14663,,,,
2023-11-01T12:05:46+05:30,382,0.14663,,,,
2023-11-01T12:19:16+05:30,383,0.15152,,,,
2023-11-01T12:19:31+05:30,384,0.18084,,,,
2023-11-01T12:19:47+05:30,385,0.48876,,,,
2023-11-01T12:20:03+05:30,386,0.41056,,,,
2023-11-01T12:20:23+05:30,387,0.61095,,,,
2023-11-01T12:20:38+05:30,388,0.65494,,,,
2023-11-01T12:20:54+05:30,389,0.71848,,,,
2023-11-01T12:21:10+05:30,390,0.57185,,,,
2023-11-01T12:21:26+05:30,391,0.49853,,,,
2023-11-01T12:21:42+05:30,392,0.45455,,,,
2023-11-01T12:21:58+05:30,393,0.43988,,,,
2023-11-01T12:22:14+05:30,394,0.37634,,,,
2023-11-01T12:22:30+05:30,395,0.36168,,,,
2023-11-01T12:22:46+05:30,396,0.37634,,,,
2023-11-01T12:23:02+05:30,397,0.32747,,,,
2023-11-01T12:23:19+05:30,398,0.25415,,,,
2023-11-01T12:23:36+05:30,399,0.27859,,,,
2023-11-01T12:23:52+05:30,400,0.24438,,,,
2023-11-01T12:24:08+05:30,401,0.24927,,,,
2023-11-01T12:24:24+05:30,402,0.24927,,,,
2023-11-01T12:24:40+05:30,403,0.24438,,,,
2023-11-01T12:24:57+05:30,404,0.23460,,,,
2023-11-01T12:25:13+05:30,405,0.18084,,,,
2023-11-01T12:25:30+05:30,406,0.20528,,,,
2023-11-01T12:25:46+05:30,407,0.20039,,,,
2023-11-01T12:26:03+05:30,408,0.20039,,,,
2023-11-01T12:26:19+05:30,409,0.20039,,,,
2023-11-01T12:26:36+05:30,410,0.19550,,,,
2023-11-01T12:26:52+05:30,411,0.21017,,,,
2023-11-01T12:27:08+05:30,412,0.21017,,,,
2023-11-01T12:27:24+05:30,413,0.21505,,,,
2023-11-01T12:27:41+05:30,414,0.20528,,,,
2023-11-01T14:25:03+05:30,415,0.19062,,,,
2023-11-01T14:25:19+05:30,416,0.22483,,,,
2023-11-01T14:25:34+05:30,417,0.21505,,,,
2023-11-01T14:25:50+05:30,418,0.21017,,,,
2023-11-01T14:26:05+05:30,419,0.20528,,,,
2023-11-01T14:26:21+05:30,420,0.15640,,,,
2023-11-01T14:26:39+05:30,421,0.19550,,,,
2023-11-01T14:26:54+05:30,422,0.15152,,,,
2023-11-01T14:27:09+05:30,423,0.15152,,,,
2023-11-01T14:27:25+05:30,424,0.15152,,,,
2023-11-01T14:27:41+05:30,425,0.18573,,,,
2023-11-01T14:27:56+05:30,426,0.18084,,,,
2023-11-01T14:28:12+05:30,427,0.18084,,,,
2023-11-01T14:28:27+05:30,428,0.18084,,,,
2023-11-01T14:28:43+05:30,429,0.18084,,,,
2023-11-01T14:28:58+05:30,430,0.14174,,,,
2023-11-01T14:29:14+05:30,431,0.17595,,,,
2023-11-01T14:29:29+05:30,432,0.13685,,,,
2023-11-01T14:29:44+05:30,433,0.17595,,,,
2023-11-01T14:30:00+05:30,434,0.13685,,,,
2023-11-01T14:30:16+05:30,435,0.16129,,,,
2023-11-01T14:30:31+05:30,436,0.13685,,,,
2023-11-01T14:30:47+05:30,437,0.16129,,,,
2023-11-01T14:31:03+05:30,438,0.16129,,,,
2023-11-01T14:31:18+05:30,439,0.16129,,,,
2023-11-01T14:31:33+05:30,440,0.16129,,,,
2023-11-01T14:31:48+05:30,441,0.15640,,,,
2023-11-01T14:32:04+05:30,442,0.15640,,,,
2023-11-01T14:32:19+05:30,443,0.15640,,,,
2023-11-01T14:32:35+05:30,444,0.15640,,,,
2023-11-01T14:32:50+05:30,445,0.15640,,,,
2023-11-01T14:33:06+05:30,446,0.15640,,,,
2023-11-01T14:33:21+05:30,447,0.15640,,,,
2023-11-02T09:02:08+05:30,448,0.55230,,,,
2023-11-02T09:02:26+05:30,449,0.42033,,,,
2023-11-02T09:02:41+05:30,450,0.35191,,,,
2023-11-02T09:02:59+05:30,451,0.66960,,,,
2023-11-02T09:03:14+05:30,452,0.27370,,,,
2023-11-02T09:03:30+05:30,453,0.47410,,,,
2023-11-02T09:03:45+05:30,454,0.50342,,,,
2023-11-02T09:04:01+05:30,455,0.43500,,,,
2023-11-02T09:04:19+05:30,456,0.35191,,,,
2023-11-02T09:04:35+05:30,457,0.31281,,,,
2023-11-02T09:04:50+05:30,458,0.29814,,,,
2023-11-02T09:05:05+05:30,459,0.24438,,,,
2023-11-02T09:05:20+05:30,460,0.21017,,,,
2023-11-02T09:05:35+05:30,461,0.19550,,,,
2023-11-02T09:05:51+05:30,462,0.18573,,,,
2023-11-02T09:06:06+05:30,463,0.18084,,,,
2023-11-02T09:06:24+05:30,464,0.18084,,,,
2023-11-02T09:06:40+05:30,465,0.17595,,,,
2023-11-02T09:06:55+05:30,466,0.17595,,,,
2023-11-02T09:07:10+05:30,467,0.17595,,,,
2023-11-02T09:07:25+05:30,468,0.17595,,,,
2023-11-02T09:07:41+05:30,469,0.16129,,,,
2023-11-02T09:07:56+05:30,470,0.16129,,,,
2023-11-02T09:08:11+05:30,471,0.16129,,,,
2023-11-02T09:08:29+05:30,472,0.16129,,,,
2023-11-02T09:08:47+05:30,473,0.16129,,,,
2023-11-02T09:09:03+05:30,474,0.15640,,,,
2023-11-02T09:09:18+05:30,475,0.15640,,,,
2023-11-02T09:09:33+05:30,476,0.15152,,,,
2023-11-02T09:09:48+05:30,477,0.15640,,,,
2023-11-02T09:10:06+05:30,478,0.15640,,,,
2023-11-02T09:10:21+05:30,479,0.15152,,,,
2023-11-02T09:10:37+05:30,480,0.15640,,,,
2023-11-02T09:10:52+05:30,481,0.15152,,,,
2023-11-02T09:11:08+05:30,482,0.15152,,,,
2023-11-02T09:11:23+05:30,483,0.15152,,,,
2023-11-02T09:11:39+05:30,484,0.14663,,,,
2023-11-02T09:11:54+05:30,485,0.15152,,,,
2023-11-02T09:12:09+05:30,486,0.15152,,,,
2023-11-02T09:12:25+05:30,487,0.15152,,,,
2023-11-02T09:12:40+05:30,488,0.14663,,,,
2023-11-02T09:12:56+05:30,489,0.15152,,,,
2023-11-02T09:13:11+05:30,490,0.14663,,,,
2023-11-02T09:13:26+05:30,491,0.15152,,,,
2023-11-02T09:13:41+05:30,492,0.15152,,,,
2023-11-02T09:13:57+05:30,493,0.15152,,,,
2023-11-02T09:14:12+05:30,494,0.15152,,,,
2023-11-02T09:14:28+05:30,495,0.15152,,,,
2023-11-02T09:14:43+05:30,496,0.15152,,,,
2023-11-02T09:14:58+05:30,497,0.15152,,,,
2023-11-02T09:15:14+05:30,498,0.11730,,,,
2023-11-02T09:15:30+05:30,499,0.15152,,,,
2023-11-02T09:15:45+05:30,500,0.15152,,,,
2023-11-02T09:16:01+05:30,501,0.14663,,,,
2023-11-02T09:16:16+05:30,502,0.15640,,,,
2023-11-02T09:16:32+05:30,503,0.15152,,,,
2023-11-02T09:16:47+05:30,504,0.15152,,,,
2023-11-02T09:17:03+05:30,505,0.15152,,,,
2023-11-02T09:17:18+05:30,506,0.15152,,,,
2023-11-02T09:17:34+05:30,507,0.14663,,,,
2023-11-02T09:17:49+05:30,508,0.14663,,,,
2023-11-02T09:18:05+05:30,509,0.15152,,,,
2023-11-02T09:18:21+05:30,510,0.11730,,,,
2023-11-02T09:18:36+05:30,511,0.10753,,,,
2023-11-02T09:18:54+05:30,512,0.14663,,,,
2023-11-02T09:19:10+05:30,513,0.14663,,,,
2023-11-02T09:19:25+05:30,514,0.14174,,,,
2023-11-02T09:19:41+05:30,515,0.14663,,,,
2023-11-02T09:19:57+05:30,516,0.14663,,,,
2023-11-02T09:20:12+05:30,517,0.15152,,,,
2023-11-02T09:20:30+05:30,518,0.10753,,,,
2023-11-02T09:20:48+05:30,519,0.10753,,,,
2023-11-02T09:21:06+05:30,520,0.14663,,,,
2023-11-02T09:21:21+05:30,521,0.14663,,,,
2023-11-02T09:21:36+05:30,522,0.10753,,,,
2023-11-02T09:21:51+05:30,523,0.14663,,,,
2023-11-02T09:22:06+05:30,524,0.14663,,,,
2023-11-02T09:22:21+05:30,525,0.14663,,,,
2023-11-02T09:22:37+05:30,526,0.14663,,,,
2023-11-02T09:22:52+05:30,527,0.14663,,,,
2023-11-02T09:23:07+05:30,528,0.15152,,,,
2023-11-02T09:23:23+05:30,529,0.15152,,,,
2023-11-02T09:23:38+05:30,530,0.15152,,,,
2023-11-02T09:23:53+05:30,531,0.11730,,,,
2023-11-02T09:24:09+05:30,532,0.15152,,,,
2023-11-02T09:24:24+05:30,533,0.15152,,,,
2023-11-02T09:24:39+05:30,534,0.14663,,,,
2023-11-02T09:24:54+05:30,535,0.14663,,,,
2023-11-02T09:25:10+05:30,536,0.15152,,,,
2023-11-02T09:25:25+05:30,537,0.14663,,,,
2023-11-02T09:25:41+05:30,538,0.14663,,,,
2023-11-02T09:25:56+05:30,539,0.14663,,,,
2023-11-02T09:26:12+05:30,540,0.11730,,,,
2023-11-02T09:26:27+05:30,541,0.15152,,,,
2023-11-02T09:26:43+05:30,542,0.14663,,,,
2023-11-02T09:27:01+05:30,543,0.14663,,,,
2023-11-02T09:27:16+05:30,544,0.14663,,,,
2023-11-02T09:27:31+05:30,545,0.14663,,,,
2023-11-02T09:27:46+05:30,546,0.14663,,,,
2023-11-02T09:28:02+05:30,547,0.14663,,,,
2023-11-02T09:28:18+05:30,548,0.14663,,,,
2023-11-02T09:28:36+05:30,549,0.15152,,,,
2023-11-02T09:28:51+05:30,550,0.11730,,,,
2023-11-02T09:29:06+05:30,551,0.13685,,,,
2023-11-02T09:29:22+05:30,552,0.14174,,,,
2023-11-02T09:29:37+05:30,553,0.14174,,,,
2023-11-02T09:29:53+05:30,554,0.14663,,,,
2023-11-02T09:30:08+05:30,555,0.14663,,,,
2023-11-02T09:30:23+05:30,556,0.14663,,,,
2023-11-02T09:30:39+05:30,557,0.14663,,,,
2023-11-02T09:30:54+05:30,558,0.14663,,,,
2023-11-02T09:31:09+05:30,559,0.14663,,,,
2023-11-02T09:31:25+05:30,560,0.10264,,,,
2023-11-02T09:31:40+05:30,561,0.10753,,,,
2023-11-02T09:31:56+05:30,562,0.14174,,,,
2023-11-02T09:32:11+05:30,563,0.14663,,,,
2023-11-02T09:32:27+05:30,564,0.14174,,,,
2023-11-02T09:32:43+05:30,565,0.14174,,,,
2023-11-02T09:32:58+05:30,566,0.14663,,,,
2023-11-02T09:33:13+05:30,567,0.13685,,,,
2023-11-02T09:33:29+05:30,568,0.14174,,,,
2023-11-02T09:33:44+05:30,569,0.14174,,,,
2023-11-02T09:34:00+05:30,570,0.14174,,,,
2023-11-02T09:34:15+05:30,571,0.14174,,,,
2023-11-02T09:34:31+05:30,572,0.15152,,,,
2023-11-02T09:34:46+05:30,573,0.15640,,,,
2023-11-02T09:35:02+05:30,574,0.15152,,,,
2023-11-02T09:35:17+05:30,575,0.15152,,,,
2023-11-02T09:35:33+05:30,576,0.15640,,,,
2023-11-02T09:35:49+05:30,577,0.15152,,,,
2023-11-02T09:36:04+05:30,578,0.15152,,,,
2023-11-02T09:36:19+05:30,579,0.15152,,,,
2023-11-02T09:36:35+05:30,580,0.15152,,,,
2023-11-02T09:36:51+05:30,581,0.14174,,,,
2023-11-02T09:37:06+05:30,582,0.15152,,,,
2023-11-02T09:37:22+05:30,583,0.15152,,,,
2023-11-02T09:37:38+05:30,584,0.15152,,,,
2023-11-02T09:37:53+05:30,585,0.15152,,,,
2023-11-02T09:38:08+05:30,586,0.15640,,,,
2023-11-02T09:38:24+05:30,587,0.15152,,,,
2023-11-02T09:38:40+05:30,588,0.15640,,,,
2023-11-02T09:38:56+05:30,589,0.15152,,,,
2023-11-02T09:39:11+05:30,590,0.15152,,,,
2023-11-02T09:39:27+05:30,591,0.15152,,,,
2023-11-02T09:39:42+05:30,592,0.15152,,,,
2023-11-02T09:39:58+05:30,593,0.15152,,,,
2023-11-02T09:40:14+05:30,594,0.15152,,,,
2023-11-02T09:40:30+05:30,595,0.15152,,,,
2023-11-02T09:40:45+05:30,596,0.15152,,,,
2023-11-02T09:41:01+05:30,597,0.15152,,,,
2023-11-02T09:41:16+05:30,598,0.15152,,,,
2023-11-02T09:41:32+05:30,599,0.15152,,,,
2023-11-02T09:41:47+05:30,600,0.15152,,,,
2023-11-02T09:42:03+05:30,601,0.15152,,,,
2023-11-02T09:42:19+05:30,602,0.15640,,,,
2023-11-02T09:42:34+05:30,603,0.16129,,,,
2023-11-02T09:42:50+05:30,604,0.16129,,,,
2023-11-02T09:43:05+05:30,605,0.16129,,,,
2023-11-02T09:43:21+05:30,606,0.16129,,,,
2023-11-02T09:43:36+05:30,607,0.16129,,,,
2023-11-02T09:43:52+05:30,608,0.18084,,,,
2023-11-02T09:44:07+05:30,609,0.15640,,,,
2023-11-02T09:44:22+05:30,610,0.20528,,,,
2023-11-02T09:44:38+05:30,611,0.20039,,,,
2023-11-02T09:44:53+05:30,612,0.19550,,,,
2023-11-02T09:45:09+05:30,613,0.19062,,,,
2023-11-02T09:45:24+05:30,614,0.18573,,,,
2023-11-02T09:45:39+05:30,615,0.18573,,,,
2023-11-02T09:45:55+05:30,616,0.18573,,,,
2023-11-02T09:46:10+05:30,617,0.18573,,,,
2023-11-02T09:46:26+05:30,618,0.14174,,,,
2023-11-02T09:46:41+05:30,619,0.18084,,,,
2023-11-02T09:46:57+05:30,620,0.18573,,,,
2023-11-02T09:47:12+05:30,621,0.18573,,,,
2023-11-02T09:47:27+05:30,622,0.18084,,,,
2023-11-02T09:47:43+05:30,623,0.17595,,,,
2023-11-02T09:47:58+05:30,624,0.17595,,,,
2023-11-02T09:48:13+05:30,625,0.18084,,,,
2023-11-02T09:48:29+05:30,626,0.17595,,,,
2023-11-02T09:48:45+05:30,627,0.17595,,,,
2023-11-02T09:49:00+05:30,628,0.17595,,,,
2023-11-02T09:49:16+05:30,629,0.17595,,,,
2023-11-02T09:49:31+05:30,630,0.17595,,,,
2023-11-02T09:49:47+05:30,631,0.17595,,,,
2023-11-02T09:50:02+05:30,632,0.17595,,,,
2023-11-02T09:50:18+05:30,633,0.17595,,,,
2023-11-02T09:50:34+05:30,634,0.16618,,,,
2023-11-02T09:50:49+05:30,635,0.17595,,,,
2023-11-02T09:51:05+05:30,636,0.17595,,,,
2023-11-02T09:51:20+05:30,637,0.16618,,,,
2023-11-02T09:51:36+05:30,638,0.16129,,,,
2023-11-02T09:51:52+05:30,639,0.16618,,,,
2023-11-02T09:52:07+05:30,640,0.17595,,,,
2023-11-02T09:52:23+05:30,641,0.17595,,,,
2023-11-02T09:52:38+05:30,642,0.17595,,,,
2023-11-02T09:52:54+05:30,643,0.16129,,,,
2023-11-02T09:53:10+05:30,644,0.16129,,,,
2023-11-02T09:53:25+05:30,645,0.16129,,,,
2023-11-02T09:53:41+05:30,646,0.16129,,,,
2023-11-02T09:53:57+05:30,647,0.16129,,,,
2023-11-02T09:54:12+05:30,648,0.16129,,,,
2023-11-02T09:54:27+05:30,649,0.16129,,,,
2023-11-02T09:54:43+05:30,650,0.16129,,,,
2023-11-02T09:54:58+05:30,651,0.16129,,,,
2023-11-02T09:55:14+05:30,652,0.16129,,,,
2023-11-02T09:55:29+05:30,653,0.13685,,,,
2023-11-02T09:55:44+05:30,654,0.16129,,,,
2023-11-02T09:55:59+05:30,655,0.16618,,,,
2023-11-02T09:56:15+05:30,656,0.16129,,,,
2023-11-02T09:56:31+05:30,657,0.16129,,,,
2023-11-02T09:56:46+05:30,658,0.16129,,,,
2023-11-02T09:57:02+05:30,659,0.16129,,,,
2023-11-02T09:57:17+05:30,660,0.16129,,,,
2023-11-02T09:57:33+05:30,661,0.16129,,,,
2023-11-02T09:57:48+05:30,662,0.16129,,,,
2023-11-02T09:58:03+05:30,663,0.16129,,,,
2023-11-02T09:58:19+05:30,664,0.16129,,,,
2023-11-02T09:58:35+05:30,665,0.20039,,,,
2023-11-02T09:58:50+05:30,666,0.19550,,,,
2023-11-02T09:59:06+05:30,667,0.20039,,,,
2023-11-02T09:59:21+05:30,668,0.20039,,,,
2023-11-02T09:59:37+05:30,669,0.20039,,,,
2023-11-02T09:59:53+05:30,670,0.20039,,,,
2023-11-02T10:00:08+05:30,671,0.20039,,,,
2023-11-02T10:00:24+05:30,672,0.19550,,,,
2023-11-02T10:00:40+05:30,673,0.19550,,,,
2023-11-02T10:00:55+05:30,674,0.19550,,,,
2023-11-02T10:01:11+05:30,675,0.19550,,,,
2023-11-02T10:01:27+05:30,676,0.19550,,,,
2023-11-02T10:01:43+05:30,677,0.19550,,,,
2023-11-02T10:01:58+05:30,678,0.19550,,,,
2023-11-02T10:02:14+05:30,679,0.19550,,,,
2023-11-02T10:02:29+05:30,680,0.19550,,,,
2023-11-02T10:02:45+05:30,681,0.15640,,,,
2023-11-02T10:03:00+05:30,682,0.19550,,,,
2023-11-02T10:03:16+05:30,683,0.19550,,,,
2023-11-02T10:03:32+05:30,684,0.19550,,,,
2023-11-02T10:03:47+05:30,685,0.15640,,,,
2023-11-02T10:04:03+05:30,686,0.19550,,,,
2023-11-02T10:04:18+05:30,687,0.19550,,,,
2023-11-02T10:04:34+05:30,688,0.19550,,,,
2023-11-02T10:04:50+05:30,689,0.19550,,,,
2023-11-02T10:05:05+05:30,690,0.19550,,,,
2023-11-02T10:05:21+05:30,691,0.19550,,,,
2023-11-02T10:05:36+05:30,692,0.19550,,,,
2023-11-02T10:05:52+05:30,693,0.19550,,,,
2023-11-02T10:06:07+05:30,694,0.19550,,,,
2023-11-02T10:06:23+05:30,695,0.19550,,,,
2023-11-02T10:06:39+05:30,696,0.19550,,,,
2023-11-02T10:06:54+05:30,697,0.19550,,,,
2023-11-02T10:07:10+05:30,698,0.19550,,,,
2023-11-02T10:07:26+05:30,699,0.19550,,,,
2023-11-02T10:07:41+05:30,700,0.19062,,,,
2023-11-02T10:07:57+05:30,701,0.19550,,,,
2023-11-02T10:08:12+05:30,702,0.19062,,,,
2023-11-02T10:08:27+05:30,703,0.19062,,,,
2023-11-02T10:08:43+05:30,704,0.19550,,,,
2023-11-02T10:08:58+05:30,705,0.19062,,,,
2023-11-02T10:09:14+05:30,706,0.19062,,,,
2023-11-02T10:09:29+05:30,707,0.19062,,,,
2023-11-02T10:09:44+05:30,708,0.19062,,,,
2023-11-02T10:10:00+05:30,709,0.19062,,,,
2023-11-02T10:10:15+05:30,710,0.19062,,,,
2023-11-02T10:10:31+05:30,711,0.19062,,,,
2023-11-02T10:10:47+05:30,712,0.18573,,,,
2023-11-02T10:11:02+05:30,713,0.19062,,,,
2023-11-02T10:11:18+05:30,714,0.18573,,,,
2023-11-02T10:11:33+05:30,715,0.19550,,,,
2023-11-02T10:11:48+05:30,716,0.18573,,,,
2023-11-02T10:12:05+05:30,717,0.18573,,,,
2023-11-02T10:12:20+05:30,718,0.18573,,,,
2023-11-02T10:12:36+05:30,719,0.18573,,,,
2023-11-02T10:12:51+05:30,720,0.14174,,,,
2023-11-02T10:13:06+05:30,721,0.15152,,,,
2023-11-02T10:13:22+05:30,722,0.15152,,,,
2023-11-02T10:13:37+05:30,723,0.18573,,,,
2023-11-02T10:13:53+05:30,724,0.18573,,,,
2023-11-02T10:14:09+05:30,725,0.18573,,,,
2023-11-02T10:14:24+05:30,726,0.19062,,,,
2023-11-02T10:14:41+05:30,727,0.19062,,,,
2023-11-02T10:14:57+05:30,728,0.18573,,,,
2023-11-02T10:15:12+05:30,729,0.18573,,,,
2023-11-02T10:15:28+05:30,730,0.18573,,,,
2023-11-02T10:15:43+05:30,731,0.19062,,,,
2023-11-02T10:15:58+05:30,732,0.18573,,,,
2023-11-02T10:16:14+05:30,733,0.19062,,,,
2023-11-02T10:16:30+05:30,734,0.19062,,,,
2023-11-02T10:16:45+05:30,735,0.15152,,,,
2023-11-02T10:17:01+05:30,736,0.18573,,,,
2023-11-02T10:17:18+05:30,737,0.19062,,,,
2023-11-02T10:17:34+05:30,738,0.19062,,,,
2023-11-02T10:17:51+05:30,739,0.18573,,,,
2023-11-02T10:18:07+05:30,740,0.18573,,,,
2023-11-02T10:18:23+05:30,741,0.19062,,,,
2023-11-02T10:18:38+05:30,742,0.18573,,,,
2023-11-02T10:18:54+05:30,743,0.18573,,,,
2023-11-02T10:19:10+05:30,744,0.19062,,,,
2023-11-02T10:19:25+05:30,745,0.18573,,,,
2023-11-02T10:19:41+05:30,746,0.18573,,,,
2023-11-02T10:19:57+05:30,747,0.18573,,,,
2023-11-02T10:20:12+05:30,748,0.18573,,,,
2023-11-02T10:20:28+05:30,749,0.18573,,,,
2023-11-02T10:20:43+05:30,750,0.19062,,,,
2023-11-02T10:20:59+05:30,751,0.18573,,,,
2023-11-02T10:21:15+05:30,752,0.18573,,,,
2023-11-02T10:21:30+05:30,753,0.18573,,,,
2023-11-02T10:21:46+05:30,754,0.19062,,,,
2023-11-02T10:22:02+05:30,755,0.18573,,,,
2023-11-02T10:22:17+05:30,756,0.18573,,,,
2023-11-02T10:22:33+05:30,757,0.18573,,,,
2023-11-02T10:22:48+05:30,758,0.18573,,,,
2023-11-02T10:23:04+05:30,759,0.18573,,,,
2023-11-02T10:23:20+05:30,760,0.17595,,,,
2023-11-02T10:23:35+05:30,761,0.18573,,,,
2023-11-02T10:23:50+05:30,762,0.19062,,,,
2023-11-02T10:24:06+05:30,763,0.18573,,,,
2023-11-02T10:24:21+05:30,764,0.18573,,,,
2023-11-02T10:24:37+05:30,765,0.18084,,,,
2023-11-02T10:24:52+05:30,766,0.18084,,,,
2023-11-02T10:25:10+05:30,767,0.19062,,,,
2023-11-02T10:25:25+05:30,768,0.18573,,,,
2023-11-02T10:25:41+05:30,769,0.18573,,,,
2023-11-02T10:25:56+05:30,770,0.18573,,,,
2023-11-02T10:26:12+05:30,771,0.18573,,,,
2023-11-02T10:26:28+05:30,772,0.18573,,,,
2023-11-02T10:26:43+05:30,773,0.18573,,,,
2023-11-02T10:26:58+05:30,774,0.18573,,,,
2023-11-02T10:27:14+05:30,775,0.18573,,,,
2023-11-02T10:27:30+05:30,776,0.18573,,,,
2023-11-02T10:27:46+05:30,777,0.18573,,,,
2023-11-02T10:28:01+05:30,778,0.19062,,,,
2023-11-02T10:28:17+05:30,779,0.18573,,,,
2023-11-02T10:28:32+05:30,780,0.19062,,,,
2023-11-02T10:28:48+05:30,781,0.18573,,,,
2023-11-02T10:29:03+05:30,782,0.18573,,,,
2023-11-02T10:29:19+05:30,783,0.19062,,,,
2023-11-02T10:29:34+05:30,784,0.19062,,,,
2023-11-02T10:29:50+05:30,785,0.18573,,,,
2023-11-02T10:30:06+05:30,786,0.18573,,,,
2023-11-02T10:30:21+05:30,787,0.18573,,,,
2023-11-02T10:30:37+05:30,788,0.18573,,,,
2023-11-02T10:30:52+05:30,789,0.18573,,,,
2023-11-02T10:31:14+05:30,790,0.19062,,,,
2023-11-02T10:31:30+05:30,791,0.18573,,,,
2023-11-02T10:31:46+05:30,792,0.18573,,,,
2023-11-02T10:32:02+05:30,793,0.19062,,,,
2023-11-02T10:32:17+05:30,794,0.18573,,,,
2023-11-02T10:32:33+05:30,795,0.18573,,,,
2023-11-02T10:32:48+05:30,796,0.18573,,,,
2023-11-02T10:33:04+05:30,797,0.19062,,,,
2023-11-02T10:33:19+05:30,798,0.18573,,,,
2023-11-02T10:33:34+05:30,799,0.15152,,,,
2023-11-02T10:33:50+05:30,800,0.18573,,,,
2023-11-02T10:34:05+05:30,801,0.18573,,,,
2023-11-02T10:34:21+05:30,802,0.19062,,,,
2023-11-02T10:34:37+05:30,803,0.15152,,,,
2023-11-02T10:34:52+05:30,804,0.19062,,,,
2023-11-02T10:35:07+05:30,805,0.19062,,,,
2023-11-02T10:35:23+05:30,806,0.18573,,,,
2023-11-02T10:35:38+05:30,807,0.18573,,,,
2023-11-02T10:35:54+05:30,808,0.18573,,,,
2023-11-02T10:36:09+05:30,809,0.14663,,,,
2023-11-02T10:36:25+05:30,810,0.18573,,,,
2023-11-02T10:36:40+05:30,811,0.18573,,,,
2023-11-02T10:36:55+05:30,812,0.18573,,,,
2023-11-02T10:37:11+05:30,813,0.18573,,,,
2023-11-02T10:37:26+05:30,814,0.18573,,,,
2023-11-02T10:37:41+05:30,815,0.18573,,,,
2023-11-02T10:37:57+05:30,816,0.18573,,,,
2023-11-02T10:38:12+05:30,817,0.18573,,,,
2023-11-02T10:38:27+05:30,818,0.18573,,,,
2023-11-02T10:38:43+05:30,819,0.14663,,,,
2023-11-02T10:38:58+05:30,820,0.18573,,,,
2023-11-02T10:39:14+05:30,821,0.18573,,,,
2023-11-02T10:39:29+05:30,822,0.18573,,,,
2023-11-02T10:39:45+05:30,823,0.18573,,,,
2023-11-02T10:40:00+05:30,824,0.18573,,,,
2023-11-02T10:40:16+05:30,825,0.18573,,,,
2023-11-02T10:40:32+05:30,826,0.18573,,,,
2023-11-02T10:40:47+05:30,827,0.18573,,,,
2023-11-02T10:41:03+05:30,828,0.19062,,,,
2023-11-02T10:41:19+05:30,829,0.18573,,,,
2023-11-02T10:41:34+05:30,830,0.16129,,,,
2023-11-02T10:41:50+05:30,831,0.15640,,,,
2023-11-02T10:42:06+05:30,832,0.15640,,,,
2023-11-02T10:42:21+05:30,833,0.15640,,,,
2023-11-02T10:42:37+05:30,834,0.15152,,,,
2023-11-02T10:42:52+05:30,835,0.15640,,,,
2023-11-02T10:43:08+05:30,836,0.15152,,,,
2023-11-02T10:43:23+05:30,837,0.11730,,,,
2023-11-02T10:43:38+05:30,838,0.12219,,,,
2023-11-02T10:43:54+05:30,839,0.15640,,,,
2023-11-02T10:44:09+05:30,840,0.15152,,,,
2023-11-02T10:44:25+05:30,841,0.15152,,,,
2023-11-02T10:44:41+05:30,842,0.15152,,,,
2023-11-02T10:44:56+05:30,843,0.15640,,,,
2023-11-02T10:45:11+05:30,844,0.15152,,,,
2023-11-02T10:45:27+05:30,845,0.15152,,,,
2023-11-02T10:45:43+05:30,846,0.15152,,,,
2023-11-02T10:45:58+05:30,847,0.15152,,,,
2023-11-02T10:46:14+05:30,848,0.15152,,,,
2023-11-02T10:46:29+05:30,849,0.15152,,,,
2023-11-02T10:46:45+05:30,850,0.15152,,,,
2023-11-02T10:47:00+05:30,851,0.15152,,,,
2023-11-02T10:47:16+05:30,852,0.15152,,,,
2023-11-02T10:47:31+05:30,853,0.15640,,,,
2023-11-02T10:47:47+05:30,854,0.15152,,,,
2023-11-02T10:48:02+05:30,855,0.15152,,,,
2023-11-02T10:48:18+05:30,856,0.15152,,,,
2023-11-02T10:48:34+05:30,857,0.15152,,,,
2023-11-02T10:48:49+05:30,858,0.15152,,,,
2023-11-02T10:49:04+05:30,859,0.15152,,,,
2023-11-02T10:49:20+05:30,860,0.15152,,,,
2023-11-02T10:49:35+05:30,861,0.15152,,,,
2023-11-02T10:49:51+05:30,862,0.15152,,,,
2023-11-02T10:50:06+05:30,863,0.15152,,,,
2023-11-02T10:50:22+05:30,864,0.15152,,,,
2023-11-02T10:50:37+05:30,865,0.15640,,,,
2023-11-02T10:50:52+05:30,866,0.15152,,,,
2023-11-02T10:51:08+05:30,867,0.14663,,,,
2023-11-02T10:51:23+05:30,868,0.15152,,,,
2023-11-02T10:51:39+05:30,869,0.15152,,,,
2023-11-02T10:51:55+05:30,870,0.15152,,,,
2023-11-02T10:52:10+05:30,871,0.15152,,,,
2023-11-02T10:52:25+05:30,872,0.15640,,,,
2023-11-02T10:52:40+05:30,873,0.15152,,,,
2023-11-02T10:52:55+05:30,874,0.15152,,,,
2023-11-02T10:53:11+05:30,875,0.15152,,,,
2023-11-02T10:53:26+05:30,876,0.15152,,,,
2023-11-02T10:53:41+05:30,877,0.15152,,,,
2023-11-02T10:53:57+05:30,878,0.15640,,,,
2023-11-02T10:54:13+05:30,879,0.32258,,,,
2023-11-02T10:54:28+05:30,880,0.28348,,,,
2023-11-02T10:54:44+05:30,881,0.23460,,,,
2023-11-02T10:54:59+05:30,882,0.20528,,,,
2023-11-02T10:55:14+05:30,883,0.20039,,,,
2023-11-02T10:55:30+05:30,884,0.19550,,,,
2023-11-02T10:55:46+05:30,885,0.18573,,,,
2023-11-02T10:56:02+05:30,886,0.18573,,,,
2023-11-02T10:56:17+05:30,887,0.18573,,,,
2023-11-02T10:56:32+05:30,888,0.18084,,,,
2023-11-02T10:56:48+05:30,889,0.18084,,,,
2023-11-02T10:57:03+05:30,890,0.14174,,,,
2023-11-02T10:57:19+05:30,891,0.18084,,,,
2023-11-02T10:57:34+05:30,892,0.17595,,,,
2023-11-02T10:57:50+05:30,893,0.17595,,,,
2023-11-02T10:58:05+05:30,894,0.17595,,,,
2023-11-02T10:58:21+05:30,895,0.17595,,,,
2023-11-02T10:58:36+05:30,896,0.17595,,,,
2023-11-02T10:58:52+05:30,897,0.13685,,,,
2023-11-02T10:59:07+05:30,898,0.16618,,,,
2023-11-02T10:59:23+05:30,899,0.16618,,,,
2023-11-02T10:59:38+05:30,900,0.16618,,,,
2023-11-02T10:59:54+05:30,901,0.16618,,,,
2023-11-02T11:00:10+05:30,902,0.16618,,,,
2023-11-02T11:00:25+05:30,903,0.16129,,,,
2023-11-02T11:00:41+05:30,904,0.16129,,,,
2023-11-02T11:00:56+05:30,905,0.16129,,,,
2023-11-02T11:01:12+05:30,906,0.16129,,,,
2023-11-02T11:01:27+05:30,907,0.16129,,,,
2023-11-02T11:01:43+05:30,908,0.16129,,,,
2023-11-02T11:01:59+05:30,909,0.16129,,,,
2023-11-02T11:02:14+05:30,910,0.16129,,,,
2023-11-02T11:02:29+05:30,911,0.16129,,,,
2023-11-02T11:02:45+05:30,912,0.15640,,,,
2023-11-02T11:03:00+05:30,913,0.15640,,,,
2023-11-02T11:03:16+05:30,914,0.15640,,,,
2023-11-02T11:03:32+05:30,915,0.15640,,,,
2023-11-02T11:03:47+05:30,916,0.15640,,,,
2023-11-02T11:04:03+05:30,917,0.15640,,,,
2023-11-02T11:04:18+05:30,918,0.15640,,,,
2023-11-02T11:04:34+05:30,919,0.15640,,,,
2023-11-02T11:04:50+05:30,920,0.15640,,,,
2023-11-02T11:05:05+05:30,921,0.15640,,,,
2023-11-02T11:05:20+05:30,922,0.15640,,,,
2023-11-02T11:05:36+05:30,923,0.15640,,,,
2023-11-02T11:05:51+05:30,924,0.15640,,,,
2023-11-02T11:06:07+05:30,925,0.15640,,,,
2023-11-02T11:06:22+05:30,926,0.15640,,,,
2023-11-02T11:06:38+05:30,927,0.15640,,,,
2023-11-02T11:06:53+05:30,928,0.15640,,,,
2023-11-02T11:07:09+05:30,929,0.15640,,,,
2023-11-02T11:07:24+05:30,930,0.15152,,,,
2023-11-02T11:07:40+05:30,931,0.15640,,,,
2023-11-02T11:07:55+05:30,932,0.15152,,,,
2023-11-02T11:08:11+05:30,933,0.15152,,,,
2023-11-02T11:08:26+05:30,934,0.15152,,,,
2023-11-02T11:08:42+05:30,935,0.15152,,,,
2023-11-02T11:08:57+05:30,936,0.15152,,,,
2023-11-02T11:09:13+05:30,937,0.15152,,,,
2023-11-02T11:09:28+05:30,938,0.15152,,,,
2023-11-02T11:09:44+05:30,939,0.15152,,,,
2023-11-02T11:10:00+05:30,940,0.15152,,,,
2023-11-02T11:10:15+05:30,941,0.12219,,,,
2023-11-02T11:10:31+05:30,942,0.11730,,,,
2023-11-02T11:10:46+05:30,943,0.15152,,,,
2023-11-02T11:11:02+05:30,944,0.15152,,,,
2023-11-02T11:11:17+05:30,945,0.15152,,,,
2023-11-02T11:11:33+05:30,946,0.15152,,,,
2023-11-02T11:11:49+05:30,947,0.15152,,,,
2023-11-02T11:12:04+05:30,948,0.15152,,,,
2023-11-02T11:12:20+05:30,949,0.15152,,,,
2023-11-02T11:12:35+05:30,950,0.15152,,,,
2023-11-02T11:12:51+05:30,951,0.15152,,,,
2023-11-02T11:13:06+05:30,952,0.15152,,,,
2023-11-02T11:13:22+05:30,953,0.15152,,,,
2023-11-02T11:13:38+05:30,954,0.15152,,,,
2023-11-02T11:13:53+05:30,955,0.15152,,,,
2023-11-02T11:14:08+05:30,956,0.11730,,,,
2023-11-02T11:14:26+05:30,957,0.11730,,,,
2023-11-02T11:14:42+05:30,958,0.11730,,,,
2023-11-02T11:14:57+05:30,959,0.15152,,,,
2023-11-02T11:15:13+05:30,960,0.15152,,,,
2023-11-02T11:15:28+05:30,961,0.15152,,,,
2023-11-02T11:15:43+05:30,962,0.15152,,,,
2023-11-02T11:15:58+05:30,963,0.15152,,,,
2023-11-02T11:16:14+05:30,964,0.15152,,,,
2023-11-02T11:16:29+05:30,965,0.14663,,,,
2023-11-02T11:16:45+05:30,966,0.15152,,,,
2023-11-02T11:17:00+05:30,967,0.15152,,,,
2023-11-02T11:17:16+05:30,968,0.15152,,,,
2023-11-02T11:17:31+05:30,969,0.11730,,,,
2023-11-02T11:17:47+05:30,970,0.15152,,,,
2023-11-02T11:18:03+05:30,971,0.15152,,,,
2023-11-02T11:18:19+05:30,972,0.15152,,,,
2023-11-02T11:18:34+05:30,973,0.15152,,,,
2023-11-02T11:18:50+05:30,974,0.11730,,,,
2023-11-02T11:19:06+05:30,975,0.15152,,,,
2023-11-02T11:19:21+05:30,976,0.15152,,,,
2023-11-02T11:19:36+05:30,977,0.15152,,,,
2023-11-02T11:19:53+05:30,978,0.11730,,,,
2023-11-02T11:20:09+05:30,979,0.15152,,,,
2023-11-02T11:20:25+05:30,980,0.15152,,,,
2023-11-02T11:20:41+05:30,981,0.15152,,,,
2023-11-02T11:20:56+05:30,982,0.15152,,,,
2023-11-02T11:21:14+05:30,983,0.15152,,,,
2023-11-02T11:21:30+05:30,984,0.15152,,,,
2023-11-02T11:21:48+05:30,985,0.11730,,,,
2023-11-02T11:22:06+05:30,986,0.15152,,,,
2023-11-02T11:22:21+05:30,987,0.11730,,,,
2023-11-02T11:22:36+05:30,988,0.15152,,,,
2023-11-02T11:22:52+05:30,989,0.15152,,,,
2023-11-02T11:23:07+05:30,990,0.15152,,,,
2023-11-02T11:23:22+05:30,991,0.15152,,,,
2023-11-02T11:23:38+05:30,992,0.11730,,,,
2023-11-02T11:23:53+05:30,993,0.15152,,,,
2023-11-02T11:24:09+05:30,994,0.15152,,,,
2023-11-02T11:24:24+05:30,995,0.11730,,,,
2023-11-02T11:24:40+05:30,996,0.15152,,,,
2023-11-02T11:24:56+05:30,997,0.15152,,,,
2023-11-02T11:25:12+05:30,998,0.11730,,,,
2023-11-02T11:25:28+05:30,999,0.14663,,,,
2023-11-02T11:25:43+05:30,1000,0.15152,,,,
2023-11-02T11:25:59+05:30,1001,0.15152,,,,
2023-11-02T11:26:14+05:30,1002,0.15152,,,,
2023-11-02T11:26:30+05:30,1003,0.15152,,,,
2023-11-02T11:26:45+05:30,1004,0.15152,,,,
2023-11-02T11:27:01+05:30,1005,0.15152,,,,
2023-11-02T11:27:16+05:30,1006,0.15152,,,,
2023-11-02T11:27:32+05:30,1007,0.15152,,,,
2023-11-02T11:27:47+05:30,1008,0.15152,,,,
2023-11-02T11:28:02+05:30,1009,0.15152,,,,
2023-11-02T11:28:18+05:30,1010,0.15152,,,,
2023-11-02T11:28:34+05:30,1011,0.15152,,,,
2023-11-02T11:28:49+05:30,1012,0.15152,,,,
2023-11-02T11:29:04+05:30,1013,0.15152,,,,
2023-11-02T11:29:22+05:30,1014,0.15152,,,,
2023-11-02T11:29:37+05:30,1015,0.11730,,,,
2023-11-02T11:29:53+05:30,1016,0.15152,,,,
2023-11-02T11:30:08+05:30,1017,0.15152,,,,
2023-11-02T11:30:23+05:30,1018,0.15152,,,,
2023-11-02T11:30:39+05:30,1019,0.15152,,,,
2023-11-02T11:30:56+05:30,1020,0.15152,,,,
2023-11-02T11:31:11+05:30,1021,0.11730,,,,
2023-11-02T11:31:27+05:30,1022,0.15152,,,,
2023-11-02T11:31:42+05:30,1023,0.11730,,,,
2023-11-02T11:31:58+05:30,1024,0.15152,,,,
2023-11-02T11:32:14+05:30,1025,0.15152,,,,
2023-11-02T11:32:29+05:30,1026,0.11730,,,,
2023-11-02T11:32:44+05:30,1027,0.11730,,,,
2023-11-02T11:33:00+05:30,1028,0.15152,,,,
2023-11-02T11:33:16+05:30,1029,0.11730,,,,
2023-11-02T11:33:33+05:30,1030,0.15152,,,,
2023-11-02T11:33:52+05:30,1031,0.15152,,,,
2023-11-02T11:34:08+05:30,1032,0.15152,,,,
2023-11-02T11:34:23+05:30,1033,0.11730,,,,
2023-11-02T11:34:38+05:30,1034,0.15152,,,,
2023-11-02T11:34:56+05:30,1035,0.15152,,,,
2023-11-02T11:35:11+05:30,1036,0.15152,,,,
2023-11-02T11:35:27+05:30,1037,0.15152,,,,
2023-11-02T11:35:45+05:30,1038,0.15152,,,,
2023-11-02T11:36:00+05:30,1039,0.15152,,,,
2023-11-02T11:36:16+05:30,1040,0.15152,,,,
2023-11-02T11:36:31+05:30,1041,0.15152,,,,
2023-11-02T11:36:47+05:30,1042,0.15152,,,,
2023-11-02T11:37:02+05:30,1043,0.15152,,,,
2023-11-02T11:37:17+05:30,1044,0.11730,,,,
2023-11-02T11:37:32+05:30,1045,0.15152,,,,
2023-11-02T11:37:48+05:30,1046,0.15152,,,,
2023-11-02T11:38:03+05:30,1047,0.11730,,,,
2023-11-02T11:38:19+05:30,1048,0.11730,,,,
2023-11-02T11:38:34+05:30,1049,0.14663,,,,
